train_loss,val_loss,train_accuracy,val_accuracy,train_balanced_accuracy,val_balanced_accuracy,train_f1,val_f1,learning_rate
1.2090002805555908,1.0220734970466987,0.5722838967194711,0.6371371371371372,0.559135762281188,0.6462886136362694,0.40105584784846593,0.49595472119477074,0.0001
0.7893748411859258,0.747169642059414,0.7026319071972059,0.7062062062062062,0.7257119089618712,0.7435205983405603,0.5805652034693612,0.5911836073996598,0.0001
0.6416287220623245,0.7426682799845725,0.7369340152176624,0.7197197197197197,0.7670441049941654,0.7586946693011517,0.6329910353984525,0.602705090804841,0.0001
0.545756971671038,0.6513327336884118,0.7688661594112511,0.7452452452452453,0.8168567759922016,0.7423200761433618,0.6926680259463132,0.6425107904063027,0.0001
0.48111747764352997,0.7729889700959275,0.7774728701509293,0.7247247247247247,0.8289145542802393,0.7085915606503811,0.7010230378298806,0.5765349547638999,0.0001
0.43665598805919914,0.6018757289117044,0.794935761506798,0.7857857857857858,0.8477793180069454,0.7468842428670152,0.7091177192049093,0.6634478654424761,0.0001
0.39469990866193455,0.5849861098720027,0.8105276287888238,0.7672672672672672,0.8599863743418954,0.7333378466824872,0.7581432423242517,0.6723227713866414,0.0001
0.3510678251202719,0.5956653615495225,0.8291131345889984,0.7832832832832833,0.8838199338649476,0.7321365362050424,0.7825649281133192,0.6701817573733262,0.0001
0.36917206428288013,0.5649175268035751,0.8302357490333042,0.7897897897897898,0.8806172486362548,0.7493375309824658,0.7715062830380907,0.701390481325077,0.0001
0.3213555952981328,0.6415262320139506,0.840962953723338,0.7802802802802803,0.8958526353867219,0.7399552754455732,0.8131573876975878,0.6793425785600331,0.0001
0.2726385756867982,0.6115882695317865,0.8555569414993139,0.7812812812812813,0.9078413528847263,0.760756966547012,0.8215096201648517,0.698807143830771,0.0001
0.2811703443066265,0.62947539965789,0.8596731944617687,0.7932932932932933,0.904040881401755,0.7549601425183078,0.8139560844077653,0.6917278431636783,5e-05
0.20721036969715778,0.5357231792804595,0.8838717724834726,0.8213213213213213,0.9333441722097761,0.7639259295920197,0.8650655805419049,0.7309068539910157,5e-05
0.1645579913720996,0.6185183722574312,0.90170886865411,0.8028028028028028,0.9505906031877009,0.7797131430631276,0.8918906882484826,0.7233288148807456,5e-05
0.153813053981479,0.5818777452777695,0.9105650492703006,0.8128128128128128,0.9544794785219501,0.7679051011633495,0.9084146044217312,0.7330315858790935,5e-05
0.1269114571712373,0.5767678011048425,0.9159286516153174,0.8188188188188188,0.9609598053152656,0.7833699628106885,0.9174776131627127,0.7443226517790145,5e-05
0.1314512569714257,0.49922382146925537,0.9242858924784833,0.8358358358358359,0.9632933523188981,0.762566288900925,0.9235821038381717,0.7517331537557038,5e-05
0.12293403802837563,0.5367652179675179,0.9264063864288388,0.8403403403403403,0.9632563729964406,0.7691380144259534,0.9244049560062402,0.749377122379146,5e-05
0.10927638789348224,0.571286498411401,0.93326680803293,0.8258258258258259,0.9697481932395536,0.7707899152690777,0.9349025948144912,0.7426594904856099,5e-05
0.11348201688557949,0.5367170083033549,0.9336410128476986,0.8293293293293293,0.9647731389055979,0.7649131288394555,0.9268333171979154,0.7542329713939849,5e-05
0.11295907031728455,0.6081533305220179,0.9327678682799052,0.8233233233233234,0.9646290755394167,0.773796597715105,0.923301791191906,0.7285534509816706,5e-05
0.09337832139905096,0.5559016708377842,0.9390046151927155,0.8383383383383384,0.9734098062207283,0.7601873179003613,0.9404782477418968,0.748685089148749,5e-05
0.06802721592580586,0.5831225053952621,0.9503554945740302,0.8408408408408409,0.9792755577243077,0.7555121021300479,0.9508517191985437,0.7466810766214979,2.5e-05
0.06485286559289243,0.5683387241385005,0.9574653860546339,0.8393393393393394,0.9819171857621926,0.7638323288540356,0.9595161087325802,0.7516038332817189,2.5e-05
0.06539260523733659,0.5587369082150636,0.960583759511039,0.8453453453453453,0.9814367527770845,0.7659379555131159,0.9594989235108097,0.7557284810070832,2.5e-05
