train_loss,val_loss,train_accuracy,val_accuracy,train_balanced_accuracy,val_balanced_accuracy,train_precision,val_precision,train_recall,val_recall,train_f1,val_f1,learning_rate
1.174511297691548,0.7124136141589932,0.6158163901708869,0.7157157157157157,0.5720740787852402,0.7111089855885021,0.4034973677090142,0.5499536003323472,0.5720740787852402,0.7111089855885021,0.44974005752507346,0.6012962228960275,0.0001
0.6905784259394724,0.6848378517964223,0.7237121117625047,0.7197197197197197,0.7607045558622996,0.6800681625554316,0.5469340278670278,0.6120118450284604,0.7607045558622996,0.6800681625554316,0.6137651227629988,0.6239648963495632,0.0001
0.5481142879826062,0.599906377069227,0.7565174005238867,0.7747747747747747,0.8089434306899584,0.720524431061573,0.6122427897055704,0.6617382805106133,0.8089434306899584,0.720524431061573,0.6823925998114072,0.6853292326947009,0.0001
0.4653688110555216,0.6102519962522719,0.7853311712610702,0.7772772772772772,0.8437132976075787,0.7058421484472034,0.6636680068465353,0.713079616445938,0.8437132976075787,0.7058421484472034,0.7334482729840632,0.685969380626514,0.0001
0.40036754212921305,0.6290639397856949,0.8006735686665835,0.7617617617617618,0.8608011494780117,0.769450275144017,0.6932172355095825,0.638476561421316,0.8608011494780117,0.769450275144017,0.7581033427712536,0.6899555197388975,0.0001
0.34902113608414653,0.6790019526734605,0.8130223275539479,0.7582582582582582,0.8762130227886884,0.7451926391519841,0.6944173598347143,0.6125618092941767,0.8762130227886884,0.7451926391519841,0.7643787922669533,0.6624029506293001,0.0001
0.3194455946043452,0.706542440989354,0.8344767369340153,0.7467467467467468,0.888026385857236,0.7532027107687409,0.7327658978364154,0.6307715411132891,0.888026385857236,0.7532027107687409,0.7943035624019673,0.6725645635235292,0.0001
0.2683052777783062,0.6367282218880601,0.852563302981165,0.7667667667667668,0.9065861527136204,0.7429141377977128,0.7635601618721797,0.6366818461814584,0.9065861527136204,0.7429141377977128,0.8223311643514173,0.6784779430036181,5e-05
0.22687041976028982,0.5724961971258139,0.8801297243357864,0.7927927927927928,0.9278375738046023,0.7454907979892127,0.8172713936795617,0.6823227288243672,0.9278375738046023,0.7454907979892127,0.8656699434780346,0.7045628945266973,5e-05
0.19175494524425024,0.6272577802698176,0.8873643507546464,0.8048048048048048,0.938202456767184,0.7325727426724992,0.8351499238433309,0.6995596565686034,0.938202456767184,0.7325727426724992,0.8801782709717773,0.69977173471477,5e-05
0.17597327742981647,0.5985896162860267,0.8973431458151429,0.8003003003003003,0.9438307372791594,0.7320396108747408,0.8560243148858815,0.7081041403092595,0.9438307372791594,0.7320396108747408,0.8946748580031533,0.708598846600726,5e-05
0.15261464721658097,0.5646617947457669,0.9057003866783085,0.8293293293293293,0.9503998990417885,0.7590668501464651,0.860280836649733,0.7387740943878524,0.9503998990417885,0.7590668501464651,0.9004848856713604,0.7391791216611525,5e-05
0.1433282134171821,0.5836117035216158,0.9091929649494823,0.8193193193193193,0.9536496015810696,0.7355998207468926,0.8519175720038661,0.7458438131149646,0.9536496015810696,0.7355998207468926,0.8975061930165248,0.7299452356422688,5e-05
0.13548074107074864,0.6213555729484653,0.9159286516153174,0.8048048048048048,0.9557096518136454,0.7487459542344849,0.8814019872295094,0.6937096335483889,0.9557096518136454,0.7487459542344849,0.9149068109456404,0.7160880062294731,5e-05
0.12594959208595644,0.6372989525904765,0.9202943744542846,0.8098098098098098,0.9608141038325384,0.764184445947141,0.8778628904239456,0.6887996789615316,0.9608141038325384,0.764184445947141,0.9154432352493919,0.7146828209539533,2.5e-05
0.0995003939570818,0.6289322626542997,0.9260321816140701,0.8183183183183184,0.9672332354527803,0.7430601105330145,0.8695136611745913,0.7372651029581521,0.9672332354527803,0.7430601105330145,0.913536631883285,0.7291736798315549,2.5e-05
0.10846723858404148,0.6025233309011202,0.928402145440938,0.8308308308308309,0.9647424029827247,0.7511343359886806,0.8955881504642206,0.7400215090352165,0.9647424029827247,0.7511343359886806,0.9271322221411317,0.7419626359015261,2.5e-05
0.08327761789031296,0.6453407036291586,0.9391293501309717,0.8133133133133134,0.97479086214787,0.7445820893570164,0.9089898261909293,0.7354350402632226,0.97479086214787,0.7445820893570164,0.9392816355783643,0.7343401928168605,2.5e-05
0.08604338146384642,0.6146717022310149,0.9406261693900462,0.8278278278278278,0.9752283313812329,0.7323454248181174,0.9124243706464922,0.7381721850986089,0.9752283313812329,0.7323454248181174,0.941404761985794,0.7285973554397758,2.5e-05
0.09438811790988498,0.6417454764530346,0.9377572658101534,0.8133133133133134,0.9692065718126492,0.7490605856240273,0.9071610679682894,0.7518224486043193,0.9692065718126492,0.7490605856240273,0.9357177320294577,0.7347411616378485,1.25e-05
0.08234995310561302,0.6353422891986262,0.9431208681551703,0.8193193193193193,0.9730369845936239,0.7325540606269986,0.9103428811666048,0.751335528911264,0.9730369845936239,0.7325540606269986,0.9394400896897637,0.7288060222746701,1.25e-05
0.0809989627239278,0.6216629103079692,0.9437445428464513,0.8213213213213213,0.9750909383628757,0.7349272146917073,0.9201725803538542,0.7643138266092121,0.9750909383628757,0.7349272146917073,0.945473642323822,0.7395097667382801,1.25e-05
